CollectionsNumber,CollectionsName,CollectorsName,date,Country,Dpto,locality,latitude,longitude,species,iris,sex,lifestage
34526,MSB,C. Jonathan Schmitt,14-06-2010,Peru,,"South America, Peru, Departamento Cuzco, Abra Bella Vista",-12.6211,-72.2424,Pipreola arcuata,irides-cream yellow; bill-deep red; toes and tarsi-bright orange,male,
37796,LSUMNS,F. Steinbach,4/9/1962,Bolivia,,km 104,-17.1300,-65.7200,Pipreola arcuata,crema,Female,
90757,LSUMNS,J. V. Remsen,6/8/1979,Bolivia,,"Sacramento Alto, 8 km by road N Chuspipata",-16.2700,-67.7800,Pipreola arcuata,iris pale yellow,Female,
96108,LSUMNS,C. S. Cardiff,8/6/1980,Bolivia,,"Cotapata, 4.5 km WNW Chuspipata",-16.2800,-67.8400,Pipreola arcuata,iris pale yellow,Female,
96109,LSUMNS,Linda Hale,12/6/1980,Bolivia,,"Cotapata, 4.5 km WNW Chuspipata",-16.2800,-67.8400,Pipreola arcuata,iris pale orange-yellow,Male,
96110,LSUMNS,Steven W. Cardiff,23-06-1980,Bolivia,,"Cotapata, 4.5 km WNW Chuspipata",-16.2800,-67.8400,Pipreola arcuata,iris brownish-white,Female,
98420,LSUMNS,Laurence C. Binford,11/10/1980,Peru,,"Valcon, 5 km NNW Quiaca",-14.3004,-69.2344,Pipreola arcuata,iris pale creamy-yellow,Male,
98421,LSUMNS,Laurence C. Binford,16-10-1980,Peru,,"Valcon, 5 km NNW Quiaca",-14.3850,-69.3678,Pipreola arcuata,iris yellowish-white,Female,
101401,LSUMNS,Angelo P. Capparella,31-07-1981,Bolivia,,1 km S Chuspipata,-16.3000,-67.8300,Pipreola arcuata,iris yellow,Male,
102269,LSUMNS,J. V. Remsen,7/8/1981,Bolivia,,1 km S Chuspipata,-16.3000,-67.8300,Pipreola arcuata,iris yellow,Male,
191086,LSUMNS,Emil Bautista,17-11-2013,Peru,,1.3 km NE Marcapata,-13.3830,-70.9660,Pipreola arcuata,iris color blanco hueso,Male,
196316,LSUMNS,Michael G. Harvey,30-11-2016,Bolivia,,3 km NW Chacopampa,-16.6560,-66.8170,Pipreola arcuata,iris pale yellow,Male,
103105,ANSP,"Melbourne A. Carriker, Jr.",5-30-1931,Peru,,"Peru, Puno, Oconeque",-14.0608,-69.7140,Pipreola arcuata,white straw,female,
120110,ANSP,"Melbourne A. Carriker, Jr.",12-12-1934,Bolivia,La Paz,"Bolivia, La Paz, Sandillani",-16.2000,-67.9000,Pipreola arcuata,tawny hazel,male,
136338,ANSP,M. A. Carriker,6-4-1937,Bolivia,Cochabamba,"Bolivia, Cochabamba, Incachaca",-17.2333,-66.4833,Pipreola arcuata,yellow,female,
136337,ANSP,"Melbourne A. Carriker, Jr.",6-7-1937,Bolivia,Cochabamba,"Bolivia, Cochabamba, Incachaca",-17.2333,-66.4833,Pipreola arcuata,yellow,male,
127875,NHMD,Fjelsa Jon,08-01-1984,Bolivia,,Tambo Pata; Bolivia,-14.6128,-68.7309,Pipreola arcuata,ochraceous white,male,
32567,MSB,Abraham Urbay T.,20-07-2008,Perú,,"PERU: Dpto. Amazonas, Prov. Utcubamba, Dist. Lonya Grande",-6.0796,-78.3290,Pipreola arcuata,"iris-brown, bill-red, toes and tarsi-red",male,
32755,MSB,Abraham Urbay T.,25-07-2008,Perú,,"PERU: Dpto. Amazonas, Prov. Utcubamba, Dist.Lonya Grande",-6.0801,-78.3286,Pipreola arcuata,"iris-brown, bill-red, toes and tarsi-orange",female,
32826,MSB,Andrew B. Johnson,27-07-2008,Perú,,"Peru: Depto. Amazonas, Prov. Utcubamba, Dist. Lonya Grande",-6.0894,-78.3427,Pipreola arcuata,"irides brown, redder closer to pupils 10 min after death, was whole iris red-brown in life? Bill red, feet orange, pads yellow-orange",male,
42172,MSB,Andrew B. Johnson,29-06-2012,Perú,,Peru: Dpto. Cajamarca. Chontali,-5.5793,-79.17587,Pipreola arcuata,"iris gris blanquisco, pico naranjado, patas naranjado",male,
64250,LSU,John P. O Neill,21-08-1968,Perú,,"Cordillera Carpish, E Slope, Carretera Central",-9.6700,-76.1500,Pipreola arcuata,iris gray-brown,male,
74159,LSU,John P. O Neill,03-08-1973,Perú,,"Trail to Hacienda Paty, below Carpish Pass",-9.7000,-76.0800,Pipreola arcuata,iris grayish white,male,
74163,LSU,Ronald Louque,18-07-1973,Perú,,"Bosque Zapatagocha, above Acomayo",-9.6700,-76.0500,Pipreola arcuata,iris greyish white,female,
74164,LSU,John P. O Neill,08-06-1973,Perú,,"Bosque Zapatagocha, above Acomayo",-9.6700,-76.0500,Pipreola arcuata,iris brown,male,
88175,LSU,R. D. Semba,14-06-1978,Perú,,"Cerro Chinguela, approximately 5 km NE Zapalache",-5.1200,-79.3800,Pipreola arcuata,iris grey-red,male,
88176,LSU,R. D. Semba,14-06-1978,Perú,,"Cerro Chinguela, approximately 5 km NE Zapalache",-5.1200,-79.3800,Pipreola arcuata,iris grey- red,female,
88177,LSU,J. William Eley,18-06-1978,Perú,,"Cerro Chinguela, approximately 5 km NE Zapalache",-5.1200,-79.3800,Pipreola arcuata,iris: pale purplish-red,male,
88178,LSU,J. William Eley,19-06-1978,Perú,,"Cerro Chinguela, approximately 5 km NE Zapalache",-5.1200,-79.3800,Pipreola arcuata,iris: pale purplish-red,female,
88180,LSU,Thomas S. Schulenberg,04-09-1978,Perú,,"Cordillera Colon, E La Peca",-5.5500,-78.3200,Pipreola arcuata,iris light gray-brown,male,
88181,LSU,G. L. Graham,30-08-1978,Perú,,"Cordillera Colon, E La Peca",-5.5500,-78.3200,Pipreola arcuata,iris light green,female,
88182,LSU,Morris D. Williams,12-09-1978,Perú,,"Cordillera Colon, NE La Peca",-5.5500,-78.3200,Pipreola arcuata,iris grey-white,female,
88183,LSU,Thomas S. Schulenberg,01-09-1978,Perú,,"Cordillera Colon, NE La Peca",-5.5500,-78.3200,Pipreola arcuata,irides grayish-white,male,
92562,LSU,Reyes Rivera,23-09-1979,Perú,,"Mashua, E Tayabamba, on trail to Ongon",-8.2000,-77.2300,Pipreola arcuata,"iris gray, ring brown around the pupil",male,
92563,LSU,Theodore A. Parker III,26-09-1979,Perú,,"Mashua, E Tayabamba, on trail to Ongon",-8.2000,-77.2300,Pipreola arcuata,iris brown,male,
106125,LSU,Thomas S. Schulenberg,20-03-1982,Perú,,"Cumbre de Ollon, approximately 12 km E Oxapampa",-10.5700,-75.1700,Pipreola arcuata,irides purplish-brown,male,
106126,LSU,David A. Wiedenfeld,26-03-1982,Perú,,"Cumbre de Ollon, approximately 12 km E Oxapampa",-10.5700,-75.1700,Pipreola arcuata,iris gray,female,
119022,LSU,Gary H. Rosenberg,20-07-1984,Perú,,"Unchog, pass between Churrubamba and Hacienda Paty, NNW Acomayo",-9.7300,-76.1700,Pipreola arcuata,iris dull olive,female,
120927,LSU,Joel Rivera,09-08-1984,Perú,,Trail from Pachachupan to Huaylaspama,-9.7700,-76.2000,Pipreola arcuata,iris grey,female,
128660,LSU,Manuel Sanchez S.,14-07-1985,Perú,,"Millpo, E Tambo de Vacas on Pozuzo-Chaglla trail",-9.9000,-75.7300,Pipreola arcuata,iris marron,female,
128661,LSU,Manuel Sanchez S.,18-07-1985,Perú,,"Millpo, E Tambo de Vacas on Pozuzo-Chaglla trail",-9.9000,-75.7300,Pipreola arcuata,iris gris,female,
128662,LSU,Manuel Sanchez S.,09-08-1985,Perú,,2 km NW Punta de Saria on Pozuzo-Chaglla trail,-9.7167,-75.9000,Pipreola arcuata,iris café,male,
170013,LSU,Christopher C. Witt,17-06-1998,Perú,,"Quebrada Lanchal, approximately 8 km ESE Sallique",-5.6866,-79.2500,Pipreola arcuata,iris blue gray,female,
170014,LSU,Manuel Sanchez S.,18-06-1998,Perú,,"Quebrada Lanchal, approximately 8 km ESE Sallique",-5.6866,-79.2500,Pipreola arcuata,"iris, gray",male,
170015,LSU,Daniel G. Christian,20-06-1998,Perú,,"Quebrada Lanchal, approximately 8 km ESE Sallique",-5.6866,-79.2500,Pipreola arcuata,iris grayish white,male,
170016,LSU,Robert C. Faucett,21-06-1998,Perú,,"Quebrada Lanchal, approximately 8 km ESE Sallique",-5.6866,-79.2500,Pipreola arcuata,iris gray,female,
170017,LSU,Daniel F. Lane,21-07-1998,Perú,,"Quebrada Lanchal, approximately 8 km ESE Sallique",-5.6866,-79.2500,Pipreola arcuata,iris gray-brown,female,
170018,LSU,Daniel G. Christian,25-06-1998,Perú,,"Quebrada Lanchal, approximately 8 km ESE Sallique",-5.6866,-79.2500,Pipreola arcuata,pale green irides,female,
170019,LSU,Daniel F. Lane,26-06-1998,Perú,,"Quebrada Lanchal, approximately 8 km ESE Sallique",-5.6866,-79.2500,Pipreola arcuata,iris brownish-gray,female,
170020,LSU,M. Josephine Babin,26-06-1998,Perú,,"Quebrada Lanchal, approximately 8 km ESE Sallique",-5.6866,-79.2500,Pipreola arcuata,iris gray,female,
170465,LSU,John P. O Neill,22-06-1998,Perú,,"Quebrada Lanchal, approximately 8 km ESE Sallique",-5.6800,-79.2500,Pipreola arcuata,iris gray,male,
104415,LSU,Douglas F. Stotz,10-08-1981,Perú,,"Puerta del Monte, approximately 30 km NE Los Alisos",-7.5668,-77.1514,Pipreola arcuata,iris white suffused with red,male,
16060,IAvAH,,2015,Ecuador,,"Puerres, Corregimiento Monopamba, vereda Desmontes Alto, páramo Oveja-Tauso.",0.8393,-77.3613,Pipreola arcuata,Gris claro,female,
6778,IAvAH,,,Colombia,,"Ibague, Finca El Silencio, vereda El Silencio, cuenca del río Combeima.",4.4612,-75.2932,Pipreola arcuata,Iris pardo acanalado,female,
8425,IAvAH,,13-10-2008,Colombia,,"Toledo, vereda El Azul, PNN Tamá, sector La Asiria Belén.",7.3042,-72.3708,Pipreola arcuata,Gris,male,
11850,IAvAH,,21-02-2002,Colombia,,"Neira, vereda La Cristalina, finca La Estrella, cuenca alta del río Tapias.",5.2198,-75.404,Pipreola arcuata,Gris claro,male,
181191,ANSP,Mark B. Robbins,29-07-1988,Ecuador,,"W slope; S of road between Maldonado and Tulcan, S above Rio La Plata",0.7833,-78.0167,Pipreola arcuata,pale grayish olive,female,
184087,ANSP,Francisco Sornoza,18-08-1991,Ecuador,,Hacienda La Libertad; S of Taday,-2.6423,-78.6819,Pipreola arcuata,olive gray,female,
184738,ANSP,Mark B. Robbins,18-03-1992,Ecuador,,W slope of Cerro Mongus; ca. 3 km SE of Impueran,0.4479,-77.8660,Pipreola arcuata,greenish gray,female,
103104,ANSP,"Melbourne A. Carriker, Jr.",20-05-1931,Perú,,Auquimarca,-10.7496,-75.7058,Pipreola arcuata,brown,male,
163709,ANSP,C. Olalla,04-04-1939,Ecuador,,CAMINO DE MINDO,-0.0493,-78.7727,Pipreola arcuata,light brown,male,
154899,ANSP,Kjell von Sneidern,21-05-1942,Colombia,,Toche,4.5203,-75.4073,Pipreola arcuata,dark brown,female,
127872,NHMD,Krabbe Niels,06-07-1984,Ecuador,,"Gualaceo-Limon road, 3100 m; Ecuador; 3100.0000000000; 1",-2.8951,-78.7286,Pipreola arcuata,Grey washed red,male,
127874,NHMD,Fjelsa Jon,20-11-1983,Perú,,"Carpish Mountains; Peru; 9° 42' 53"" S, 76° 5' 1"" W; 2350.0000000000; 1",-9.7147,-76.0836,Pipreola arcuata,Pale brownish grey,male,
3624,COP,,15-04-1939,Venezuela,,"Merida, El Valle",8.6500,-71.1000,Pipreola arcuata,Oscuro,female,
11184,COP,,16-02-1941,Venezuela,,"Tachira, Páramo de Tamá; Campamento",7.4000,-72.4167,Pipreola arcuata,Greenish Gray,male,
14249,COP,,05-09-1941,Venezuela,,"Merida, Llano Rucio",8.9167,-71.0833,Pipreola arcuata,Marron,female,
19968,COP,,04-11-1942,Venezuela,,"Trujillo, Páramo de Cendé; Cendé",9.5500,-70.1167,Pipreola arcuata,Marron,male,
54950,COP,,30-03-1952,Venezuela,,"Zulia, Sierra de Perijá; Pie y Loma SE Cerro Tetari",10.0833,-72.9167,Pipreola arcuata,Marron,female,
54952,COP,,16-02-1952,Venezuela,,"Zulia, Sierra de Perijá; Cerro Pejochaina, Falda Oeste",10.0333,10.0333,Pipreola arcuata,Oscuro,female,
62246,COP,,09-02-1956,Venezuela,,"Tachira, Río Chiquito; Hacienda La Providencia",7.5500,-72.3667,Pipreola arcuata,Marron,female,
70138,COP,,13-08-1971,Venezuela,,"Tachira, Páramo de Tamá; Cerro Las Copas",7.4500,-72.3500,Pipreola arcuata,Marron,male,
71526,COP,,15-09-1972,Venezuela,,"Barinas, Mucuchíes, Sur de 35 Km; Caserío Aranguren",8.5333,-70.8833,Pipreola arcuata,Marron,female,
71527,COP,,15-09-1972,Venezuela,,"Barinas, Mucuchíes, Sur de 35 Km; Caserío Aranguren",8.5333,-70.8833,Pipreola arcuata,Marron,female,
71528,COP,,15-09-1972,Venezuela,,"Barinas, Mucuchíes, Sur de 35 Km; Caserío Aranguren",8.5333,-70.8833,Pipreola arcuata,Marron,male,
73961,COP,,28-08-1978,Venezuela,,"Tachira, La Revancha; Cumbre Cerro El Retiro",7.4333,-72.3500,Pipreola arcuata,Marron,male,
74174,COP,,18-10-1978,Venezuela,,"Zulia, Sierra de Perijá; Cerro Viruela",10.4167,-72.8833,Pipreola arcuata,Marron,female,
74175,COP,,18-10-1978,Venezuela,,"Zulia, Sierra de Perijá; Cerro Viruela",10.4167,-72.8833,Pipreola arcuata,Marron,male,
74176,COP,,18-10-1978,Venezuela,,"Zulia, Sierra de Perijá; Cerro Viruela",10.4167,-72.8833,Pipreola arcuata,Oscuro,male,
74177,COP,,18-10-1978,Venezuela,,"Zulia, Sierra de Perijá; Cerro Viruela",10.4167,-72.8833,Pipreola arcuata,Marron,male,
74422,COP,,19-08-1980,Venezuela,,"Tachira, Las Copas; La Revancha",7.4333,-72.3500,Pipreola arcuata,Marron,male,
74423,COP,,19-08-1980,Venezuela,,"Tachira, Las Copas; La Revancha",7.4333,-72.3500,Pipreola arcuata,Marron claro,male,
13439,IAvAH,,29/08/2004,Colombia,Risaralda,"Colombia, Risaralda, Pueblo Rico, vereda La Cumbre, PNN La Tatamá segunda estación a 1 hora 40 min a pie después de pasar la Quebrada Risaralda y a 20 min del sitio de campamento sobre la Cuchilla.",5.1132,-76.0964,Pipreola arcuata,Rojo oscuro,female,
13438,IAvAH,,29/08/2004,Colombia,Risaralda,"Colombia, Risaralda, Pueblo Rico, vereda La Cumbre, PNN La Tatamá segunda estación a 1 hora 40 min a pie después de pasar la Quebrada Risaralda y a 20 min del sitio de campamento sobre la Cuchilla.",5.1132,-76.0964,Pipreola arcuata,Rojo anarajando,male,
44433,ICN,Andres M. Cuervo,,Colombia,Valle del Cauca,"Colombia, Valle del Cauca, Cali, PNN Farallones de Cali, Balcones",3.3302,-76.6776,Pipreola arcuata,Rojo,male,
3626,COP,,18-May-39,Venezuela,Merida,La Culata,8.7500,-71.08333,Pipreola arcuata,Rojo,female,
9383,COP,,3-Nov-40,Venezuela,Tachira,"Tachira, Queniquea",7.9000,-72.01667,Pipreola arcuata,Orange,female,
9384,COP,,3-Nov-40,Venezuela,Tachira,"Tachira, Queniquea",7.9000,-72.01667,Pipreola arcuata,Orange,male,
9428,COP,,9-Nov-40,Venezuela,Tachira,"Tachira, Páramo Zumbador",7.9667,-72.0667,Pipreola arcuata,Chromeyellow,male,
9429,COP,,9-Nov-40,Venezuela,Tachira,"Tachira, Páramo Zumbador",7.9667,-72.0667,Pipreola arcuata,Chromeyellow,female,
9430,COP,,9-Nov-40,Venezuela,Tachira,"Tachira, Páramo Zumbador",7.9667,-72.0667,Pipreola arcuata,Naranja,male,
9431,COP,,9-Nov-40,Venezuela,Tachira,"Tachira, Páramo Zumbador",7.9667,-72.0667,Pipreola arcuata,Naranja,male,
9432,COP,,9-Nov-40,Venezuela,Tachira,"Tachira, Páramo Zumbador",7.9667,-72.0667,Pipreola arcuata,Dull red,female,
9433a,COP,,9-Nov-40,Venezuela,Tachira,"Tachira, Páramo Zumbador",7.9667,-72.0667,Pipreola arcuata,Rojo sin brillo,female,
14545,COP,,22 Aug 1941,Venezuela,Merida,Merida,8.6833,-71.1,Pipreola arcuata,Rojo,male,
20182,COP,,25-Nov-42,Venezuela,Trujillo,"Trujillo, Cerro Niquitaz; El Rincón",9.5333,-70.13333,Pipreola arcuata,Naranja,male,
20183,COP,,25-Nov-42,Venezuela,Trujillo,"Trujillo, Cerro Niquitaz; El Rincón",9.5333,-70.13333,Pipreola arcuata,Naranja,male,
20184,COP,,25-Nov-42,Venezuela,Trujillo,"Trujillo, Cerro Niquitaz; El Rincón",9.5333,-70.13333,Pipreola arcuata,Naranja,female,
45386,COP,,17 Aug 1948,Venezuela,Merida,"Merida, Páramo Aricagua; El Muerto; Falda Norte",8.2667,-71.18333,Pipreola arcuata,Naranja,male,
45387,COP,,17 Aug 1948,Venezuela,Merida,"Merida, Páramo Aricagua; El Muerto; Falda Norte",8.2667,-71.18333,Pipreola arcuata,Naranja-rojo,male,
45388,COP,,17 Aug 1948,Venezuela,Merida,"Merida, Páramo Aricagua",8.2667,-71.18333,Pipreola arcuata,Naranja,male,
49347,COP,,23-Nov-49,Venezuela,Merida,"Merida, Santo Domingo; Mesa de Lino",8.8333,-70.6,Pipreola arcuata,Rojo,female,
49348,COP,,23-Nov-49,Venezuela,Merida,"Merida, Santo Domingo; Mesa de Lino",8.8500,-70.6,Pipreola arcuata,Marron-Naranja,male,
49350,COP,,23-Nov-49,Venezuela,Merida,"Merida, Santo Domingo; Mesa de Lino",8.8500,-70.6,Pipreola arcuata,Naranja,female,
76839,COP,,2-Feb-82,Venezuela,Trujillo,"Trujillo, Páramo El Morro,",9.6667,-70.1,Pipreola arcuata,Naranja,male,
84130,COP,,24-Mar-09,Venezuela,Tachira,"Tachira, Páramos El Batallón y La Negra; Rio Bobo, INIA",8.0143,-71.9638,Pipreola arcuata,naranja amarillento,male,